INSERT INTO Material (item_name_, category_, req_dt_, type_) VALUES
('Молоко', 1, '2024-01-01', 'Продукты питания'),
('Шампунь', 2, '2024-01-01', 'Косметика'),
('Хлеб', 1, '2024-01-02', 'Продукты питания'),
('Зубная паста', 2, '2024-01-03', 'Гигиена'),
('Сок', 1, '2024-01-04', 'Продукты питания');


INSERT INTO Customer (name_, age_, birth_dt_, bonus_card_number_, bonus_count_) VALUES
('Иванов Иван', 30, '1993-05-15', 123456, 10),
('Петрова Алина', 25, '1998-04-20', 654321, 20),
('Сергеев Сергей', 40, '1983-07-30', 987654, 15),
('Мария Иванова', 35, '1988-11-25', 112233, 25),
('Алексей Петров', 29, '1994-02-17', 334455, 5);


INSERT INTO Emp_data (name_, req_dt_) VALUES
('Сидоров Петр', '2024-01-01'),
('Анна Кузнецова', '2024-01-02'),
('Максим Ильин', '2024-01-03'),
('Ольга Сорокина', '2024-01-04'),
('Дмитрий Волков', '2024-01-05');


INSERT INTO Order_t (order_dt, client_id_, item_id_, channel_, store_id_) VALUES
('2024-01-01', 1, 1, 1, 1),
('2024-01-02', 2, 2, 1, 2),
('2024-01-03', 3, 3, 2, 3),
('2024-01-04', 4, 4, 2, 4),
('2024-01-05', 5, 5, 1, 5);


INSERT INTO Discounts (item_id_, discont_, txtsh_, author_, date_to_, date_from_) VALUES
(1, 0.15, 'Скидка на молоко', 'Менеджер', '2024-12-31', '2024-01-01'),
(2, 0.10, 'Скидка на шампунь', 'Менеджер', '2024-12-31', '2024-01-02'),
(3, 0.05, 'Скидка на хлеб', 'Менеджер', '2024-12-31', '2024-01-03'),
(4, 0.20, 'Скидка на зубную пасту', 'Менеджер', '2024-12-31', '2024-01-04'),
(5, 0.25, 'Скидка на сок', 'Менеджер', '2024-12-31', '2024-01-05');


INSERT INTO Non_pers_recs (item1_id_, item2_id_, rnk_, category_, kpi_) VALUES
(1, 2, 1, 1, 100),
(2, 3, 2, 1, 90),
(3, 4, 3, 2, 80),
(4, 5, 4, 2, 70),
(5, 1, 5, 1, 60);


INSERT INTO Pers_recs (client_id_, item_id_, rnk_, category_, kpi_) VALUES
(1, 1, 1, 1, 100),
(2, 2, 2, 1, 95),
(3, 3, 3, 2, 90),
(4, 4, 4, 2, 85),
(5, 5, 5, 1, 80);


INSERT INTO Prop_descriptr (prop_name_, update_dt_) VALUES
('Цвет', '2024-01-01'),
('Размер', '2024-01-02'),
('Вес', '2024-01-03'),
('Качество', '2024-01-04'),
('Производитель', '2024-01-05');


INSERT INTO Mat_prop (item_id_, value_, prop_code_, update_dt_) VALUES
(1, 'Белый', 1, '2024-01-01'),
(2, '500 мл', 2, '2024-01-02'),
(3, '500 гр', 3, '2024-01-03'),
(4, 'Высокое', 4, '2024-01-04'),
(5, 'Россия', 5, '2024-01-05');


INSERT INTO Stock_plants (place_, free_space_, prop_name_) VALUES
('Склад 1', '200 м²', 'Складское помещение'),
('Склад 2', '150 м²', 'Хранилище'),
('Склад 3', '300 м²', 'Распределительный центр'),
('Склад 4', '250 м²', 'Логистический комплекс'),
('Склад 5', '100 м²', 'Малое хранилище');


INSERT INTO Stars (stock_id_, item_id_, star_) VALUES
(1, 1, 5),
(2, 2, 4),
(3, 3, 3),
(4, 4, 2),
(5, 5, 1);


INSERT INTO Checks (client_id_, item_id_, bill_, stock_id_, sell_dt_, ret_flg) VALUES
(1, 1, 'Счет №1', 1, '2024-01-01', FALSE),
(2, 2, 'Счет №2', 2, '2024-01-02', TRUE),
(3, 3, 'Счет №3', 3, '2024-01-03', FALSE),
(4, 4, 'Счет №4', 4, '2024-01-04', TRUE),
(5, 5, 'Счет №5', 5, '2024-01-05', FALSE);


INSERT INTO Prices (item_id_, stock_id_, price_, date_to_, date_from_) VALUES
(1, 1, 100, '2024-12-31', '2024-01-01'),
(2, 2, 200, '2024-12-31', '2024-01-02'),
(3, 3, 150, '2024-12-31', '2024-01-03'),
(4, 4, 250, '2024-12-31', '2024-01-04'),
(5, 5, 120, '2024-12-31', '2024-01-05');
